N,Copy_Rate,Copy_AvgTime,Copy_MinTime,Copy_MaxTime,Scale_Rate,Scale_AvgTime,Scale_MinTime,Scale_MaxTime,Add_Rate,Add_AvgTime,Add_MinTime,Add_MaxTime,Triad_Rate,Triad_AvgTime,Triad_MinTime,Triad_MaxTime
100000000,334174.20,0.00509000,0.00478800,0.01290700,336048.40,0.00543100,0.00476100,0.01880900,323665.80,0.00804400,0.00741500,0.01885000,326574.40,0.00773500,0.00734900,0.01972900
500000000,339399.90,0.02394000,0.02357100,0.02613600,344324.60,0.02368800,0.02323400,0.02575900,326621.00,0.03756300,0.03674000,0.04540700,328975.80,0.03738300,0.03647700,0.03834600
1000000000,335935.70,0.04825400,0.04762800,0.05171100,330981.70,0.04871900,0.04834100,0.05196100,323581.50,0.07532900,0.07417000,0.08007700,323183.60,0.07513600,0.07426100,0.07649900
